{
  "primary": {
    "R2": 0.9897278615798207,
    "MAE": 21965.96065951888,
    "RMSE": 31437.164214848643,
    "MAPE_%": 3.6488175160481577
  },
  "full": {
    "R2": 0.9893983671833322,
    "MAE": 22428.460909844292,
    "RMSE": 31937.38189251166,
    "MAPE_%": 3.737630286417273
  },
  "n_test": 9998,
  "within_5pct": 72.87457491498299,
  "within_10pct": 94.88897779555911
}