{
  "method": "per_feature_percentile_envelope",
  "lower_percentile": 1.0,
  "upper_percentile": 99.0,
  "n_train": 39992,
  "source": "mortgage_clean.csv training split (random_state=42, test_size=0.2) \u2014 the 80% the shipped model was fit on",
  "paired_model": "sha256:09a552abca85",
  "note": "Soft OOD flag: a row is flagged if any input is < p_low or > p_high. ~1% of training sits beyond each bound by construction.",
  "features": {
    "Annual Income (USD)": {
      "p_low": 35470.150100000006,
      "p_high": 207021.43729999996,
      "min": 25000.0,
      "max": 274740.32,
      "mean": 120336.22186012201,
      "std": 37022.25894698045,
      "p0.5": 26752.2167,
      "p5": 59511.379499999995,
      "p25": 94947.19750000001,
      "p50": 120017.025,
      "p75": 145458.4775,
      "p95": 182001.27049999996,
      "p99.5": 215156.6373499999
    },
    "Credit Score": {
      "p_low": 600.0,
      "p_high": 850.0,
      "min": 580.0,
      "max": 850.0,
      "mean": 760.2892828565713,
      "std": 63.345144200695565,
      "p0.5": 584.0,
      "p5": 648.0,
      "p25": 717.0,
      "p50": 764.0,
      "p75": 811.0,
      "p95": 850.0,
      "p99.5": 850.0
    },
    "Existing Monthly Debt (USD)": {
      "p_low": 282.13009999999997,
      "p_high": 3656.3062999999997,
      "min": 0.0,
      "max": 5000.0,
      "mean": 1656.6731441288257,
      "std": 751.4561343873812,
      "p0.5": 196.6238,
      "p5": 584.7935000000001,
      "p25": 1097.8425,
      "p50": 1562.975,
      "p75": 2138.9075000000003,
      "p95": 3021.2704999999987,
      "p99.5": 3892.5244499999944
    },
    "Down Payment (USD)": {
      "p_low": 5000.0,
      "p_high": 176371.31339999943,
      "min": 5000.0,
      "max": 250000.0,
      "mean": 64391.09346919384,
      "std": 39653.49024216155,
      "p0.5": 5000.0,
      "p5": 9363.184000000001,
      "p25": 34145.020000000004,
      "p50": 59160.19500000001,
      "p75": 88000.4425,
      "p95": 138352.92249999978,
      "p99.5": 191101.02975
    }
  }
}